ts,iso,total_mb,anon_mb,file_mb,slab_mb,gpu_mem_max_mb,gpu_util_avg,gpu_idle_count,step,loss,grad_norm,lr,epoch,total_steps
1790445350.6978729,2026-09-27T01:55:50,39237,32836,6061,130,39361,86,1,,,,,,
1790445410.8513207,2026-09-27T01:56:50,40705,34175,6163,135,39363,42,1,5,1.0988,2.750136375427246,2.7972027972027973e-07,0.002102017937219731,4758
1790445470.6110046,2026-09-27T01:57:50,41617,35041,6195,139,44921,100,0,10,1.0881,2.922189474105835,6.293706293706295e-07,0.004204035874439462,4758
1790445530.539655,2026-09-27T01:58:50,42088,35445,6246,143,39367,100,0,15,1.1054,2.7285947799682617,9.790209790209791e-07,0.006306053811659193,4758
1790445590.8274522,2026-09-27T01:59:50,42626,35933,6277,148,39367,94,0,20,1.0595,2.0905566215515137,1.3286713286713287e-06,0.008408071748878924,4758
1790445650.755032,2026-09-27T02:00:50,43002,36245,6328,152,39367,80,1,25,1.0038,1.6141364574432373,1.6783216783216785e-06,0.010510089686098656,4758
1790445710.5231667,2026-09-27T02:01:50,43284,36522,6321,156,39367,43,4,30,1.055,1.7126481533050537,2.027972027972028e-06,0.012612107623318386,4758
1790445770.5236244,2026-09-27T02:02:50,43441,36662,6325,160,39367,84,1,30,1.055,1.7126481533050537,2.027972027972028e-06,0.012612107623318386,4758
1790445830.6428816,2026-09-27T02:03:50,43657,36862,6325,165,39367,86,1,35,1.0158,1.6284023523330688,2.377622377622378e-06,0.014714125560538117,4758
1790445890.7638483,2026-09-27T02:04:50,43837,37017,6335,170,40507,64,2,40,1.0361,1.6499377489089966,2.7272727272727272e-06,0.016816143497757848,4758
1790445950.614603,2026-09-27T02:05:50,44010,37173,6337,175,40509,99,0,45,0.9959,1.5969985723495483,3.0769230769230774e-06,0.018918161434977578,4758
1790446010.6225965,2026-09-27T02:06:50,44338,37472,6353,179,40509,99,0,50,1.0421,1.4857231378555298,3.426573426573427e-06,0.02102017937219731,4758
1790446070.5186071,2026-09-27T02:07:50,44563,37681,6357,183,40509,86,1,55,1.0253,1.654270887374878,3.776223776223776e-06,0.02312219730941704,4758
1790446130.514651,2026-09-27T02:08:50,44713,37820,6357,187,40509,57,3,60,1.0041,1.5555028915405273,4.125874125874127e-06,0.02522421524663677,4758
1790446190.5471551,2026-09-27T02:09:50,44841,37931,6361,191,40509,94,0,65,1.0011,1.5457860231399536,4.475524475524476e-06,0.0273262331838565,4758
1790446232.9392533,2026-09-27T02:10:32,44986,38062,6364,195,40509,80,1,70,1.0275,1.6448410749435425,4.8251748251748255e-06,0.029428251121076235,4758
1790446292.8461795,2026-09-27T02:11:32,45160,38207,6381,199,40509,86,1,70,1.0275,1.6448410749435425,4.8251748251748255e-06,0.029428251121076235,4758
1790446352.627085,2026-09-27T02:12:32,45254,38301,6368,203,40511,98,0,75,1.0382,1.4888558387756348,5.174825174825175e-06,0.031530269058295965,4758
1790446412.6511989,2026-09-27T02:13:32,45450,38484,6371,207,40511,100,0,80,0.9828,1.4773330688476562,5.524475524475524e-06,0.033632286995515695,4758
1790446472.7431087,2026-09-27T02:14:32,45597,38609,6382,211,40511,75,0,85,1.0268,1.7634541988372803,5.874125874125874e-06,0.035734304932735425,4758
1790446532.7675467,2026-09-27T02:15:32,45696,38692,6384,215,40511,86,1,90,1.0269,1.60191011428833,6.223776223776225e-06,0.037836322869955155,4758
1790446592.6184628,2026-09-27T02:16:32,45776,38744,6397,220,40511,100,0,95,1.0048,1.6466128826141357,6.573426573426574e-06,0.039938340807174885,4758
1790446652.8266485,2026-09-27T02:17:32,45846,38799,6398,225,40511,88,0,100,1.0152,1.5365747213363647,6.923076923076923e-06,0.04204035874439462,4758
1790446712.6111383,2026-09-27T02:18:32,45895,38830,6403,230,40511,43,4,105,1.0222,1.623449444770813,7.272727272727273e-06,0.04414237668161435,4758
1790446772.7589905,2026-09-27T02:19:32,46007,38928,6404,234,40511,86,1,110,1.0134,1.5134855508804321,7.622377622377622e-06,0.04624439461883408,4758
1790446832.7589576,2026-09-27T02:20:32,46110,39019,6406,237,42191,86,1,110,1.0134,1.5134855508804321,7.622377622377622e-06,0.04624439461883408,4758
1790446892.4822857,2026-09-27T02:21:32,46176,39064,6417,241,42191,100,0,115,1.0048,1.5689753293991089,7.972027972027973e-06,0.04834641255605381,4758
1790446920.5664392,2026-09-27T02:22:00,46224,39106,6417,243,42191,71,2,120,1.0101,1.589135766029358,8.321678321678323e-06,0.05044843049327354,4758
1790446980.542764,2026-09-27T02:23:00,46320,39192,6418,246,42191,86,1,125,1.0148,1.6320650577545166,8.671328671328672e-06,0.05255044843049327,4758
1790447040.5352597,2026-09-27T02:24:00,46350,39217,6411,249,42191,86,1,130,1.0206,1.561774492263794,9.020979020979022e-06,0.054652466367713,4758
1790447100.530323,2026-09-27T02:25:00,46406,39256,6417,252,42191,97,0,135,1.0128,1.5161855220794678,9.370629370629372e-06,0.05675448430493273,4758
1790447160.455112,2026-09-27T02:26:00,46456,39289,6422,256,42191,86,1,135,1.0128,1.5161855220794678,9.370629370629372e-06,0.05675448430493273,4758
1790447220.5471573,2026-09-27T02:27:00,46607,39425,6423,260,42191,97,0,140,0.9943,1.7480677366256714,9.72027972027972e-06,0.05885650224215247,4758
1790447259.546211,2026-09-27T02:27:39,46642,39453,6423,263,42191,86,1,145,1.0246,1.5642839670181274,9.999998841499232e-06,0.0609585201793722,4758
1790447319.550738,2026-09-27T02:28:39,46719,39517,6424,266,42191,71,2,150,1.0008,1.634950876235962,9.999958294028671e-06,0.06306053811659193,4758
1790447379.5030305,2026-09-27T02:29:39,46873,39671,6411,270,42191,86,1,155,1.0222,1.6266660690307617,9.999859822056489e-06,0.06516255605381166,4758
1790447439.4269805,2026-09-27T02:30:39,46904,39689,6415,273,42191,100,0,160,1.0249,1.6860225200653076,9.999703426723478e-06,0.06726457399103139,4758
1790447499.487225,2026-09-27T02:31:39,47056,39795,6443,278,42191,100,0,160,1.0249,1.6860225200653076,9.999703426723478e-06,0.06726457399103139,4758
1790447559.6315923,2026-09-27T02:32:39,47102,39844,6429,282,42191,65,0,165,1.0326,1.597428560256958,9.999489109841484e-06,0.06936659192825112,4758
1790447619.530543,2026-09-27T02:33:39,47267,39994,6431,285,42191,86,1,170,1.0237,1.457495927810669,9.999216873893364e-06,0.07146860986547085,4758
1790447679.5230412,2026-09-27T02:34:39,47345,40055,6434,290,42191,71,2,175,1.0365,1.512931227684021,9.998886722032972e-06,0.07357062780269058,4758
1790447739.6121626,2026-09-27T02:35:39,47390,40080,6444,292,42191,71,2,180,0.968,1.6049818992614746,9.998498658085113e-06,0.07567264573991031,4758
1790447799.4585555,2026-09-27T02:36:39,47460,40136,6444,297,42191,100,0,185,0.9963,1.5913164615631104,9.998052686545512e-06,0.07777466367713004,4758
1790447859.6228697,2026-09-27T02:37:39,47578,40220,6448,301,42191,71,2,190,1.0312,1.5841854810714722,9.997548812580744e-06,0.07987668161434977,4758
1790447919.462675,2026-09-27T02:38:39,47622,40276,6446,303,42191,100,0,190,1.0312,1.5841854810714722,9.997548812580744e-06,0.07987668161434977,4758
1790447979.462154,2026-09-27T02:39:39,47734,40375,6446,307,42191,100,0,195,0.973,1.513210415840149,9.99698704202819e-06,0.0819786995515695,4758
1790448039.6312432,2026-09-27T02:40:39,47853,40481,6447,311,42191,99,0,200,1.0102,1.5481278896331787,9.996367381395956e-06,0.08408071748878924,4758
1790448099.4622269,2026-09-27T02:41:39,47948,40560,6447,316,42191,100,0,205,1.0078,1.4669851064682007,9.995689837862812e-06,0.08618273542600897,4758
1790448159.5435157,2026-09-27T02:42:39,48042,40640,6448,321,42191,86,1,210,0.9749,1.458341360092163,9.994954419278098e-06,0.0882847533632287,4758
1790448219.5023196,2026-09-27T02:43:39,48107,40694,6448,325,42191,86,1,215,0.9953,1.5777215957641602,9.994161134161635e-06,0.09038677130044843,4758
1790448279.6475358,2026-09-27T02:44:39,48423,40993,6449,330,42191,71,2,220,1.0173,1.6558082103729248,9.993309991703628e-06,0.09248878923766816,4758
1790448339.4621289,2026-09-27T02:45:39,48402,41032,6308,401,42191,100,0,225,1.0393,1.630621314048767,9.992401001764558e-06,0.0945908071748879,4758
1790448399.5477388,2026-09-27T02:46:39,47923,41180,5611,466,42191,91,0,230,1.0061,1.589843511581421,9.991434174875077e-06,0.09669282511210762,4758
1790448459.5977323,2026-09-27T02:47:39,48449,41234,5604,933,42191,69,2,235,0.9807,1.5808719396591187,9.990409522235866e-06,0.09879484304932735,4758
1790448519.5907838,2026-09-27T02:48:39,48483,41343,5485,967,42191,99,0,235,0.9807,1.5808719396591187,9.990409522235866e-06,0.09879484304932735,4758
1790448579.6432846,2026-09-27T02:49:39,48639,41493,5480,970,42191,86,1,240,0.9921,1.424574851989746,9.989327055717524e-06,0.10089686098654709,4758
1790448639.4548452,2026-09-27T02:50:39,48695,41580,5437,974,42191,86,1,245,1.038,1.5604746341705322,9.988186787860424e-06,0.10299887892376682,4758
1790448699.4709456,2026-09-27T02:51:39,48802,41674,5437,978,42191,100,0,250,1.0384,1.594429850578308,9.986988731874563e-06,0.10510089686098655,4758
1790448759.4707508,2026-09-27T02:52:39,48918,41772,5442,982,42191,100,0,255,0.9729,1.5192099809646606,9.985732901639417e-06,0.10720291479820628,4758
1790448819.8186529,2026-09-27T02:53:39,49098,41940,5440,987,42191,72,0,255,0.9729,1.5192099809646606,9.985732901639417e-06,0.10720291479820628,4758
1790448879.4706395,2026-09-27T02:54:39,49117,41948,5446,988,42191,100,0,260,1.0062,1.590201497077942,9.984419311703777e-06,0.109304932735426,4758
1790448939.703571,2026-09-27T02:55:39,49153,41987,5430,992,42191,71,2,265,0.9979,1.5516748428344727,9.983047977285579e-06,0.11140695067264574,4758
1790448999.4718432,2026-09-27T02:56:39,49255,42046,5466,994,42191,100,0,270,1.0191,1.6539506912231445,9.981618914271722e-06,0.11350896860986547,4758
1790449059.571725,2026-09-27T02:57:39,49338,42102,5480,998,42191,74,0,275,0.974,1.457248568534851,9.980132139217904e-06,0.1156109865470852,4758
1790449119.7391248,2026-09-27T02:58:39,49421,42158,5495,1002,42191,86,1,280,1.0132,1.5516444444656372,9.978587669348406e-06,0.11771300448430494,4758
1790449179.5672278,2026-09-27T02:59:39,49508,42219,5511,1005,42191,86,1,280,1.0132,1.5516444444656372,9.978587669348406e-06,0.11771300448430494,4758
1790449239.4752138,2026-09-27T03:00:39,49591,42278,5523,1008,42191,86,1,285,1.0069,1.5630258321762085,9.976985522555906e-06,0.11981502242152467,4758
1790449299.7356782,2026-09-27T03:01:39,49798,42412,5581,1013,42191,81,1,290,0.9487,1.475978136062622,9.975325717401271e-06,0.1219170403587444,4758
1790449359.5263956,2026-09-27T03:02:39,49908,42510,5579,1017,42191,99,0,295,1.0268,1.6292574405670166,9.973608273113338e-06,0.12401905829596413,4758
1790449419.5190256,2026-09-27T03:03:39,50014,42602,5581,1021,42191,99,0,300,1.0034,1.6374237537384033,9.971833209588696e-06,0.12612107623318386,4758
1790449479.5626712,2026-09-27T03:04:39,49967,42550,5585,1021,42191,86,1,300,1.0034,1.6374237537384033,9.971833209588696e-06,0.12612107623318386,4758
1790449539.654663,2026-09-27T03:05:39,50123,42694,5585,1024,45083,86,1,305,0.9984,1.5739513635635376,9.970000547391447e-06,0.1282230941704036,4758
1790449599.5668323,2026-09-27T03:06:39,50145,42710,5586,1026,45083,57,3,310,1.0177,1.5923305749893188,9.96811030775298e-06,0.13032511210762332,4758
1790449659.6072183,2026-09-27T03:07:39,50122,42674,5588,1029,45083,71,2,310,1.0177,1.5923305749893188,9.96811030775298e-06,0.13032511210762332,4758
1790449719.602467,2026-09-27T03:08:39,50145,42688,5588,1032,45083,100,0,315,0.9879,1.6562331914901733,9.966162512571716e-06,0.13242713004484305,4758
1790449779.5027902,2026-09-27T03:09:39,50263,42794,5587,1036,45083,100,0,320,0.998,1.502012848854065,9.964157184412853e-06,0.13452914798206278,4758
1790449839.5392973,2026-09-27T03:10:39,50264,42778,5587,1040,45083,0,7,325,1.025,1.5847104787826538,9.962094346508112e-06,0.1366311659192825,4758
1790449899.6348326,2026-09-27T03:11:39,50229,42758,5564,1043,45083,100,0,330,0.9987,1.4652318954467773,9.959974022755466e-06,0.13873318385650224,4758
1790449959.4828172,2026-09-27T03:12:39,50245,42757,5566,1048,45083,86,1,335,0.9889,1.4526389837265015,9.957796237718859e-06,0.14083520179372197,4758
1790450019.6268003,2026-09-27T03:13:39,50316,42810,5573,1052,45083,86,1,340,1.005,1.4571657180786133,9.955561016627923e-06,0.1429372197309417,4758
1790450079.847599,2026-09-27T03:14:39,50346,42822,5577,1056,45083,86,1,345,1.0308,1.6685248613357544,9.953268385377686e-06,0.14503923766816143,4758
1790450139.4744258,2026-09-27T03:15:39,50471,42940,5573,1059,45083,100,0,345,1.0308,1.6685248613357544,9.953268385377686e-06,0.14503923766816143,4758
1790450199.454628,2026-09-27T03:16:39,50596,43048,5576,1063,45083,86,1,350,1.0402,1.5508638620376587,9.950918370528277e-06,0.14714125560538116,4758
1790450259.5510697,2026-09-27T03:17:39,50789,43222,5585,1066,45083,96,0,355,0.9927,1.492291808128357,9.948510999304611e-06,0.1492432735426009,4758
1790450319.610918,2026-09-27T03:18:39,50836,43241,5602,1069,45083,100,0,360,0.9458,1.5861092805862427,9.946046299596075e-06,0.15134529147982062,4758
1790450379.772587,2026-09-27T03:19:39,50949,43338,5603,1074,45083,71,2,365,0.9648,1.6788623332977295,9.943524299956206e-06,0.15344730941704035,4758
1790450439.8108325,2026-09-27T03:20:39,51099,43463,5614,1078,45083,100,0,370,1.0335,1.5509850978851318,9.940945029602365e-06,0.15554932735426008,4758
1790450499.5576363,2026-09-27T03:21:39,51127,43479,5617,1081,45083,4,5,375,0.9999,1.553964614868164,9.93830851841539e-06,0.1576513452914798,4758
1790450574.9102407,2026-09-27T03:22:54,3646,1938,922,751,0,0,7,,,1.553964614868164,,,
1790450634.9023807,2026-09-27T03:23:54,3811,2053,971,751,0,0,7,,,,,,
1790450694.9271433,2026-09-27T03:24:54,13986,8186,4943,768,519,16,4,,,,,,
1790450755.00652,2026-09-27T03:25:54,33464,26346,6154,778,39363,43,4,,,,,,
1790450815.1382723,2026-09-27T03:26:55,34461,27279,6211,778,39363,86,1,5,1.099,2.751035213470459,2.7972027972027973e-07,0.002102017937219731,4758
1790450874.947451,2026-09-27T03:27:54,34962,27743,6244,777,45381,94,0,10,1.0878,2.9064457416534424,6.293706293706295e-07,0.004204035874439462,4758
1790450934.9424925,2026-09-27T03:28:54,35214,27937,6298,778,39367,100,0,15,1.1053,2.720010280609131,9.790209790209791e-07,0.006306053811659193,4758
1790450995.230971,2026-09-27T03:29:55,35302,27992,6326,778,39367,73,1,20,1.0596,2.089653730392456,1.3286713286713287e-06,0.008408071748878924,4758
1790451054.974262,2026-09-27T03:30:54,35402,28075,6342,778,39367,100,0,20,1.0596,2.089653730392456,1.3286713286713287e-06,0.008408071748878924,4758
1790451114.943367,2026-09-27T03:31:54,35422,28083,6352,778,39367,0,7,30,1.055,1.7116998434066772,2.027972027972028e-06,0.012612107623318386,4758
1790451175.0271826,2026-09-27T03:32:55,35487,28142,6356,778,39367,71,2,30,1.055,1.7116998434066772,2.027972027972028e-06,0.012612107623318386,4758
1790451235.142648,2026-09-27T03:33:55,35662,28307,6365,778,39367,86,1,35,1.0158,1.6273847818374634,2.377622377622378e-06,0.014714125560538117,4758
1790451295.118618,2026-09-27T03:34:55,35674,28321,6361,778,40507,57,3,40,1.0362,1.6502838134765625,2.7272727272727272e-06,0.016816143497757848,4758
1790451355.0227783,2026-09-27T03:35:55,35683,28330,6363,778,40509,100,0,45,0.9961,1.6002556085586548,3.0769230769230774e-06,0.018918161434977578,4758
1790451414.9464662,2026-09-27T03:36:54,35895,28516,6389,778,40509,100,0,50,1.042,1.4865111112594604,3.426573426573427e-06,0.02102017937219731,4758
1790451474.9754455,2026-09-27T03:37:54,35929,28548,6389,778,40509,86,1,55,1.0252,1.6509875059127808,3.776223776223776e-06,0.02312219730941704,4758
1790451534.9711058,2026-09-27T03:38:54,35960,28556,6412,778,40509,71,2,60,1.0041,1.5560792684555054,4.125874125874127e-06,0.02522421524663677,4758
1790451594.9422963,2026-09-27T03:39:54,35941,28560,6389,778,40509,100,0,65,1.0011,1.5475807189941406,4.475524475524476e-06,0.0273262331838565,4758
1790451654.9632556,2026-09-27T03:40:54,35950,28566,6391,778,40509,94,0,70,1.0276,1.648185133934021,4.8251748251748255e-06,0.029428251121076235,4758
1790451714.938388,2026-09-27T03:41:54,36024,28619,6412,778,40511,100,0,75,1.0382,1.488101840019226,5.174825174825175e-06,0.031530269058295965,4758
1790451775.0231655,2026-09-27T03:42:55,36034,28627,6412,778,40511,100,0,80,0.983,1.4758074283599854,5.524475524475524e-06,0.033632286995515695,4758
1790451834.950194,2026-09-27T03:43:54,36062,28648,6420,778,40511,100,0,80,0.983,1.4758074283599854,5.524475524475524e-06,0.033632286995515695,4758
1790451894.9549885,2026-09-27T03:44:54,36408,28988,6420,779,40511,100,0,85,1.0269,1.7621933221817017,5.874125874125874e-06,0.035734304932735425,4758
1790451955.027614,2026-09-27T03:45:55,36387,28919,6466,780,40511,43,4,90,1.0269,1.6028814315795898,6.223776223776225e-06,0.037836322869955155,4758
1790452014.9345186,2026-09-27T03:46:54,36656,29177,6475,780,40511,86,1,95,1.0048,1.6471065282821655,6.573426573426574e-06,0.039938340807174885,4758
1790452075.0472085,2026-09-27T03:47:55,36640,29161,6476,780,40511,100,0,100,1.0152,1.5378721952438354,6.923076923076923e-06,0.04204035874439462,4758
1790452135.3429277,2026-09-27T03:48:55,36656,29180,6473,780,40511,48,0,100,1.0152,1.5378721952438354,6.923076923076923e-06,0.04204035874439462,4758
1790452195.2344055,2026-09-27T03:49:55,36725,29241,6479,780,40511,86,1,105,1.0222,1.625239610671997,7.272727272727273e-06,0.04414237668161435,4758
1790452255.0229354,2026-09-27T03:50:55,36748,29263,6481,780,40511,71,2,110,1.0134,1.5043673515319824,7.622377622377622e-06,0.04624439461883408,4758
1790452315.0669563,2026-09-27T03:51:55,36313,28832,6484,778,42191,42,3,115,1.0046,1.5651333332061768,7.972027972027973e-06,0.04834641255605381,4758
1790452375.0514367,2026-09-27T03:52:55,36617,29132,6485,779,42191,0,7,120,1.0102,1.6063542366027832,8.321678321678323e-06,0.05044843049327354,4758
1790452434.9467223,2026-09-27T03:53:54,36349,28869,6485,778,42191,94,0,120,1.0102,1.6063542366027832,8.321678321678323e-06,0.05044843049327354,4758
1790452494.947145,2026-09-27T03:54:54,36362,28885,6481,778,42191,86,1,125,1.015,1.634759545326233,8.671328671328672e-06,0.05255044843049327,4758
1790452555.1269262,2026-09-27T03:55:55,36373,28889,6488,779,42191,86,1,130,1.0207,1.5582380294799805,9.020979020979022e-06,0.054652466367713,4758
1790452615.0704048,2026-09-27T03:56:55,36377,28892,6488,779,42191,99,0,135,1.0128,1.5298311710357666,9.370629370629372e-06,0.05675448430493273,4758
1790452674.9465141,2026-09-27T03:57:54,36380,28895,6491,778,42191,91,0,140,0.9944,1.7464841604232788,9.72027972027972e-06,0.05885650224215247,4758
1790452735.0322032,2026-09-27T03:58:55,36378,28892,6491,779,42191,71,2,145,1.0248,1.5681273937225342,9.999998841499232e-06,0.0609585201793722,4758
1790452795.015144,2026-09-27T03:59:55,36384,28898,6491,778,42191,81,0,150,1.001,1.6294841766357422,9.999958294028671e-06,0.06306053811659193,4758
1790452855.1026537,2026-09-27T04:00:55,36323,28858,6470,779,42191,99,0,155,1.0222,1.6336368322372437,9.999859822056489e-06,0.06516255605381166,4758
1790452915.0510108,2026-09-27T04:01:55,36411,28938,6477,778,42191,92,0,160,1.0245,1.6748751401901245,9.999703426723478e-06,0.06726457399103139,4758
1790452974.9834094,2026-09-27T04:02:54,36470,28964,6510,779,42191,86,1,160,1.0245,1.6748751401901245,9.999703426723478e-06,0.06726457399103139,4758
1790453035.138908,2026-09-27T04:03:55,36507,29000,6510,779,42191,86,1,165,1.0324,1.5797628164291382,9.999489109841484e-06,0.06936659192825112,4758
1790453095.1029584,2026-09-27T04:04:55,36541,29018,6524,779,42191,30,4,170,1.0237,1.468003749847412,9.999216873893364e-06,0.07146860986547085,4758
1790453155.1353335,2026-09-27T04:05:55,36522,29021,6505,779,42191,81,0,175,1.0366,1.510589599609375,9.998886722032972e-06,0.07357062780269058,4758
1790453214.9671435,2026-09-27T04:06:54,36566,29066,6505,778,42191,100,0,180,0.9682,1.5754700899124146,9.998498658085113e-06,0.07567264573991031,4758
1790453275.0668683,2026-09-27T04:07:55,36577,29072,6505,779,42191,43,4,185,0.9962,1.57577383518219,9.998052686545512e-06,0.07777466367713004,4758
1790453335.1352549,2026-09-27T04:08:55,36587,29084,6507,778,42191,81,0,185,0.9962,1.57577383518219,9.998052686545512e-06,0.07777466367713004,4758
1790453395.1513226,2026-09-27T04:09:55,36593,29086,6510,779,42191,86,1,190,1.031,1.5977927446365356,9.997548812580744e-06,0.07987668161434977,4758
1790453455.0510538,2026-09-27T04:10:55,36606,29099,6510,779,42191,57,3,195,0.9728,1.515169620513916,9.99698704202819e-06,0.0819786995515695,4758
1790453514.987985,2026-09-27T04:11:54,36605,29100,6510,778,42191,100,0,200,1.01,1.545378565788269,9.996367381395956e-06,0.08408071748878924,4758
1790453575.0075188,2026-09-27T04:12:54,36609,29103,6510,779,42191,57,2,205,1.0077,1.4669971466064453,9.995689837862812e-06,0.08618273542600897,4758
1790453635.022522,2026-09-27T04:13:55,36613,29106,6510,778,42191,88,0,210,0.9752,1.455461859703064,9.994954419278098e-06,0.0882847533632287,4758
1790453695.0586898,2026-09-27T04:14:55,36630,29120,6514,779,42191,100,0,215,0.9952,1.575539469718933,9.994161134161635e-06,0.09038677130044843,4758
1790453754.9344642,2026-09-27T04:15:54,36626,29121,6510,778,42191,100,0,220,1.0176,1.660647988319397,9.993309991703628e-06,0.09248878923766816,4758
1790453814.9794075,2026-09-27T04:16:54,36630,29124,6511,778,42191,86,1,225,1.0394,1.6366169452667236,9.992401001764558e-06,0.0945908071748879,4758
1790453874.9873843,2026-09-27T04:17:54,36633,29125,6512,778,42191,100,0,230,1.0062,1.585878610610962,9.991434174875077e-06,0.09669282511210762,4758
1790453935.2190213,2026-09-27T04:18:55,36643,29134,6512,779,42191,71,2,235,0.9807,1.5807069540023804,9.990409522235866e-06,0.09879484304932735,4758
1790453995.0629334,2026-09-27T04:19:55,36721,29210,6513,779,42191,56,3,235,0.9807,1.5807069540023804,9.990409522235866e-06,0.09879484304932735,4758
1790454055.0354314,2026-09-27T04:20:55,36723,29213,6514,778,42191,100,0,240,0.9926,1.4377775192260742,9.989327055717524e-06,0.10089686098654709,4758
1790454115.1395178,2026-09-27T04:21:55,36728,29215,6514,779,42191,71,2,245,1.0384,1.5650794506072998,9.988186787860424e-06,0.10299887892376682,4758
1790454174.9825585,2026-09-27T04:22:54,36725,29216,6514,778,42191,100,0,250,1.0384,1.5902389287948608,9.986988731874563e-06,0.10510089686098655,4758
1790454235.1389701,2026-09-27T04:23:55,36766,29255,6514,779,42191,100,0,255,0.9727,1.51192045211792,9.985732901639417e-06,0.10720291479820628,4758
1790454295.038334,2026-09-27T04:24:55,36769,29257,6514,779,42191,71,2,260,1.0067,1.5870871543884277,9.984419311703777e-06,0.109304932735426,4758
1790454355.059174,2026-09-27T04:25:55,36774,29263,6514,778,42191,0,7,265,0.9983,1.553653597831726,9.983047977285579e-06,0.11140695067264574,4758
1790454415.1397269,2026-09-27T04:26:55,36775,29265,6514,779,42191,86,0,265,0.9983,1.553653597831726,9.983047977285579e-06,0.11140695067264574,4758
1790454475.034307,2026-09-27T04:27:55,36775,29266,6514,778,42191,98,0,270,1.0192,1.6468214988708496,9.981618914271722e-06,0.11350896860986547,4758
1790454534.9917397,2026-09-27T04:28:54,36788,29269,6524,778,42191,100,0,275,0.9735,1.4444527626037598,9.980132139217904e-06,0.1156109865470852,4758
1790454595.0424407,2026-09-27T04:29:55,36811,29274,6540,778,42191,18,5,280,1.013,1.560431718826294,9.978587669348406e-06,0.11771300448430494,4758
1790454654.938234,2026-09-27T04:30:54,36815,29280,6540,778,42191,100,0,285,1.0063,1.551813006401062,9.976985522555906e-06,0.11981502242152467,4758
1790454715.0345948,2026-09-27T04:31:55,36838,29282,6556,779,42191,86,1,290,0.9487,1.4942530393600464,9.975325717401271e-06,0.1219170403587444,4758
1790454774.9342804,2026-09-27T04:32:54,36839,29284,6558,779,42191,71,2,295,1.0266,1.6305996179580688,9.973608273113338e-06,0.12401905829596413,4758
1790454835.1113758,2026-09-27T04:33:55,36841,29286,6558,779,42191,71,2,300,1.0037,1.6402949094772339,9.971833209588696e-06,0.12612107623318386,4758
1790454895.0514958,2026-09-27T04:34:55,36843,29287,6558,779,42191,86,1,300,1.0037,1.6402949094772339,9.971833209588696e-06,0.12612107623318386,4758
1790454955.0228052,2026-09-27T04:35:55,36854,29298,6558,779,45083,57,3,305,0.9985,1.5749999284744263,9.970000547391447e-06,0.1282230941704036,4758
1790455015.039265,2026-09-27T04:36:55,36856,29300,6558,779,45083,0,6,310,1.0182,1.598952054977417,9.96811030775298e-06,0.13032511210762332,4758
1790455075.075539,2026-09-27T04:37:55,36858,29302,6558,779,45083,86,1,315,0.9879,1.6705348491668701,9.966162512571716e-06,0.13242713004484305,4758
1790455134.9990153,2026-09-27T04:38:54,36859,29304,6558,778,45083,100,0,320,0.9984,1.484957218170166,9.964157184412853e-06,0.13452914798206278,4758
1790455195.1271865,2026-09-27T04:39:55,36862,29306,6558,779,45083,43,4,325,1.0256,1.5815529823303223,9.962094346508112e-06,0.1366311659192825,4758
1790455255.1775525,2026-09-27T04:40:55,36890,29300,6592,779,45083,72,1,330,0.9988,1.458594560623169,9.959974022755466e-06,0.13873318385650224,4758
1790455314.9950972,2026-09-27T04:41:54,36869,29301,6573,779,45083,100,0,335,0.989,1.4551095962524414,9.957796237718859e-06,0.14083520179372197,4758
1790455375.1233578,2026-09-27T04:42:55,36869,29300,6573,779,45083,86,1,340,1.0047,1.4566224813461304,9.955561016627923e-06,0.1429372197309417,4758
1790455435.0384889,2026-09-27T04:43:55,36863,29318,6549,779,45083,86,1,345,1.0313,1.6769757270812988,9.953268385377686e-06,0.14503923766816143,4758
1790455495.1555486,2026-09-27T04:44:55,36867,29320,6549,779,45083,71,2,345,1.0313,1.6769757270812988,9.953268385377686e-06,0.14503923766816143,4758
1790455554.9908574,2026-09-27T04:45:54,36865,29323,6547,778,45083,100,0,350,1.0404,1.548142910003662,9.950918370528277e-06,0.14714125560538116,4758
1790455615.066473,2026-09-27T04:46:55,36877,29326,6556,778,45083,100,0,355,0.9925,1.495923399925232,9.948510999304611e-06,0.1492432735426009,4758
1790455674.9789062,2026-09-27T04:47:54,36895,29327,6573,778,45083,100,0,360,0.9459,1.5884839296340942,9.946046299596075e-06,0.15134529147982062,4758
1790455735.152087,2026-09-27T04:48:55,36900,29329,6573,779,45083,71,2,365,0.9645,1.6756668090820312,9.943524299956206e-06,0.15344730941704035,4758
1790455795.0426445,2026-09-27T04:49:55,36902,29332,6574,778,45083,99,0,370,1.0328,1.5482609272003174,9.940945029602365e-06,0.15554932735426008,4758
1790455855.1192021,2026-09-27T04:50:55,36905,29334,6575,779,45083,57,3,375,0.9999,1.5559602975845337,9.93830851841539e-06,0.1576513452914798,4758
1790455914.982464,2026-09-27T04:51:54,36911,29341,6575,778,45083,100,0,380,0.9799,1.5922967195510864,9.935614796939255e-06,0.15975336322869954,4758
1790455975.1509984,2026-09-27T04:52:55,36916,29342,6579,778,45083,81,0,385,0.9919,1.5096721649169922,9.932863896380716e-06,0.16185538116591927,4758
1790456035.1997945,2026-09-27T04:53:55,36921,29346,6579,779,45083,78,1,390,0.9904,1.4946540594100952,9.930055848608945e-06,0.163957399103139,4758
1790456094.9712455,2026-09-27T04:54:54,36921,29347,6579,778,45083,100,0,395,0.979,1.419474720954895,9.92719068615517e-06,0.16605941704035873,4758
1790456155.1030538,2026-09-27T04:55:55,36945,29349,6599,779,45083,57,3,400,1.0139,1.6766602993011475,9.924268442212286e-06,0.1681614349775785,4758
1790456215.0225275,2026-09-27T04:56:55,36938,29363,6579,778,45083,94,0,400,1.0139,1.6766602993011475,9.924268442212286e-06,0.1681614349775785,4758
1790456275.0227528,2026-09-27T04:57:55,36934,29359,6579,779,45083,86,1,405,0.9765,1.582248568534851,9.921289150634485e-06,0.17026345291479822,4758
1790456335.1274533,2026-09-27T04:58:55,36956,29360,6599,778,45083,3,6,410,0.982,1.4965070486068726,9.918252845936846e-06,0.17236547085201795,4758
1790456395.0070994,2026-09-27T04:59:54,36938,29364,6579,778,45083,100,0,415,0.9571,1.5142861604690552,9.915159563294954e-06,0.17446748878923768,4758
1790456454.9791954,2026-09-27T05:00:54,36939,29366,6579,778,45083,100,0,420,1.0017,1.487054705619812,9.912009338544475e-06,0.1765695067264574,4758
1790456515.03908,2026-09-27T05:01:55,37001,29387,6618,779,45083,100,0,425,0.9852,1.5238087177276611,9.908802208180755e-06,0.17867152466367714,4758
1790456575.0350564,2026-09-27T05:02:55,37034,29421,6615,779,45083,100,0,425,0.9852,1.5238087177276611,9.908802208180755e-06,0.17867152466367714,4758
1790456635.0069818,2026-09-27T05:03:54,36429,29030,6408,778,45083,100,0,430,1.007,1.6299513578414917,9.90553820935839e-06,0.18077354260089687,4758
1790456695.034636,2026-09-27T05:04:55,36434,29034,6408,778,45083,0,7,440,1.0074,1.3942679166793823,9.898839758249772e-06,0.18497757847533633,4758
1790456755.1430876,2026-09-27T05:05:55,36436,29035,6408,778,45083,86,1,440,1.0074,1.3942679166793823,9.898839758249772e-06,0.18497757847533633,4758
1790456815.0791333,2026-09-27T05:06:55,36458,29036,6429,778,45083,86,1,450,1.0038,1.5294935703277588,9.891914295623863e-06,0.1891816143497758,4758
1790456875.055631,2026-09-27T05:07:55,36438,29037,6408,778,45083,71,2,450,1.0038,1.5294935703277588,9.891914295623863e-06,0.1891816143497758,4758
1790456935.0633922,2026-09-27T05:08:55,36438,29038,6408,778,45083,80,1,455,0.9992,1.481408953666687,9.888366534870442e-06,0.19128363228699552,4758
1790456995.0031166,2026-09-27T05:09:54,36440,29040,6408,778,45083,100,0,460,1.0187,1.577439546585083,9.88476214240559e-06,0.19338565022421525,4758
1790457054.9743338,2026-09-27T05:10:54,36440,29040,6408,778,45083,100,0,465,0.9782,1.5410674810409546,9.881101159986179e-06,0.19548766816143498,4758
1790457115.1466534,2026-09-27T05:11:55,36443,29042,6408,778,45083,83,1,470,1.019,1.4568570852279663,9.877383630024683e-06,0.1975896860986547,4758
1790457175.018555,2026-09-27T05:12:55,36450,29051,6408,778,45083,100,0,470,1.019,1.4568570852279663,9.877383630024683e-06,0.1975896860986547,4758
1790457234.9947467,2026-09-27T05:13:54,36451,29052,6408,778,45083,100,0,475,0.9928,1.6398470401763916,9.873609595588673e-06,0.19969170403587444,4758
1790457294.9867918,2026-09-27T05:14:54,36452,29053,6408,778,45083,100,0,480,0.9957,1.4698779582977295,9.869779100400327e-06,0.20179372197309417,4758
1790457355.0234923,2026-09-27T05:15:55,36455,29058,6404,778,45083,57,3,485,0.9717,1.5701265335083008,9.865892188835922e-06,0.2038957399103139,4758
1790457415.0389173,2026-09-27T05:16:55,36457,29060,6405,778,45083,100,0,490,1.0153,1.658568263053894,9.861948905925313e-06,0.20599775784753363,4758
1790457474.9829197,2026-09-27T05:17:54,36458,29061,6405,778,45083,100,0,495,0.9962,1.4077825546264648,9.857949297351423e-06,0.20809977578475336,4758
1790457535.3028522,2026-09-27T05:18:55,36453,29055,6406,778,45083,51,0,500,1.0138,1.458792805671692,9.853893409449704e-06,0.2102017937219731,4758
1790457594.9986296,2026-09-27T05:19:54,36454,29056,6407,778,45083,96,0,505,0.9776,1.4829490184783936,9.849781289207607e-06,0.21230381165919282,4758
1790457654.9866621,2026-09-27T05:20:54,36456,29056,6408,778,45083,100,0,510,1.0,1.539014220237732,9.84561298426403e-06,0.21440582959641255,4758
1790457715.01934,2026-09-27T05:21:54,36497,29098,6408,778,45083,8,5,515,1.0065,1.4437929391860962,9.841388542908774e-06,0.21650784753363228,4758
1790457775.0023568,2026-09-27T05:22:54,36500,29100,6408,778,45083,85,1,520,0.9864,1.5591057538986206,9.837108014081982e-06,0.218609865470852,4758
1790457834.9707355,2026-09-27T05:23:54,36500,29101,6408,778,45083,86,1,525,0.9532,1.4016743898391724,9.83277144737356e-06,0.22071188340807174,4758
1790457894.9668493,2026-09-27T05:24:54,36503,29104,6408,778,45083,95,0,525,0.9532,1.4016743898391724,9.83277144737356e-06,0.22071188340807174,4758
1790457955.154884,2026-09-27T05:25:55,36504,29104,6408,778,45083,97,0,530,0.9835,1.5192309617996216,9.82837889302263e-06,0.22281390134529147,4758
1790458014.983147,2026-09-27T05:26:54,36505,29105,6408,778,45083,67,1,535,0.9918,1.4350152015686035,9.823930401916915e-06,0.2249159192825112,4758
1790458075.014466,2026-09-27T05:27:54,36506,29106,6408,778,45083,86,1,540,0.9678,1.4584954977035522,9.81942602559217e-06,0.22701793721973093,4758
1790458134.9832566,2026-09-27T05:28:54,36506,29107,6408,778,45083,100,0,545,0.9583,1.4800262451171875,9.814865816231583e-06,0.22911995515695066,4758
1790458195.0828414,2026-09-27T05:29:55,36511,29111,6408,778,45083,68,2,550,0.9676,1.5677764415740967,9.810249826665166e-06,0.2312219730941704,4758
1790458255.0549624,2026-09-27T05:30:55,36514,29113,6408,778,45083,67,2,555,0.993,1.5131500959396362,9.805578110369143e-06,0.23332399103139012,4758
1790458315.155316,2026-09-27T05:31:55,36514,29114,6408,778,45083,100,0,560,1.0102,1.663499355316162,9.800850721465334e-06,0.23542600896860988,4758
1790458374.963038,2026-09-27T05:32:54,36516,29115,6408,778,45083,43,4,565,0.9666,1.6758450269699097,9.796067714720523e-06,0.2375280269058296,4758
1790458434.982902,2026-09-27T05:33:54,36516,29116,6408,778,45083,86,1,570,0.9792,1.5191274881362915,9.791229145545832e-06,0.23963004484304934,4758
1790458495.1307573,2026-09-27T05:34:55,36535,29134,6408,778,45083,96,0,575,0.9591,1.4756665229797363,9.786335069996067e-06,0.24173206278026907,4758
1790458555.1069288,2026-09-27T05:35:55,36535,29135,6408,778,45083,68,0,575,0.9591,1.4756665229797363,9.786335069996067e-06,0.24173206278026907,4758
1790458615.1393309,2026-09-27T05:36:55,36721,29145,6582,778,45083,86,1,580,1.0219,1.495120644569397,9.78138554476908e-06,0.2438340807174888,4758
1790458675.150518,2026-09-27T05:37:55,37226,29332,6882,795,45083,86,1,585,0.9724,1.3515971899032593,9.776380627205106e-06,0.24593609865470853,4758
1790458735.2542405,2026-09-27T05:38:55,37120,29259,6851,795,45083,49,1,590,0.9569,1.532739520072937,9.771320375286098e-06,0.24803811659192826,4758
1790458795.1431272,2026-09-27T05:39:55,37146,29253,6879,795,45083,12,5,595,0.9533,1.4345874786376953,9.766204847635061e-06,0.25014013452914796,4758
1790458855.2184532,2026-09-27T05:40:55,37141,29257,6873,795,45083,66,2,600,0.9846,1.47370445728302,9.761034103515366e-06,0.2522421524663677,4758
1790458915.0073051,2026-09-27T05:41:54,37106,29252,6846,794,45083,100,0,605,0.9873,1.5411639213562012,9.75580820283007e-06,0.2543441704035874,4758
1790458975.159027,2026-09-27T05:42:55,37109,29253,6846,795,45083,63,0,610,0.9864,1.6325405836105347,9.750527206121214e-06,0.2564461883408072,4758
1790459035.1352348,2026-09-27T05:43:55,37118,29257,6850,795,45083,77,1,615,0.9758,1.5841604471206665,9.745191174569128e-06,0.2585482062780269,4758
1790459095.1230013,2026-09-27T05:44:55,37119,29258,6850,795,45083,38,3,620,0.9778,1.5320944786071777,9.739800169991724e-06,0.26065022421524664,4758
1790459154.9671123,2026-09-27T05:45:54,37113,29258,6846,794,45083,100,0,625,0.995,1.404152274131775,9.734354254843773e-06,0.26275224215246634,4758
1790459215.0238197,2026-09-27T05:46:55,37120,29263,6847,795,45083,86,1,630,1.019,1.4838286638259888,9.728853492216184e-06,0.2648542600896861,4758
1790459275.0345423,2026-09-27T05:47:55,37122,29264,6847,795,45083,99,0,630,1.019,1.4838286638259888,9.728853492216184e-06,0.2648542600896861,4758
1790459335.1148255,2026-09-27T05:48:55,37124,29265,6848,795,45083,86,1,635,1.0089,1.4411786794662476,9.723297945835277e-06,0.2669562780269058,4758
1790459395.1436875,2026-09-27T05:49:55,37127,29266,6849,795,45083,27,4,640,0.9812,1.5926131010055542,9.71768768006204e-06,0.26905829596412556,4758
1790459455.0590417,2026-09-27T05:50:55,37127,29267,6849,795,45083,71,2,645,0.9638,1.4673314094543457,9.712022759891385e-06,0.2711603139013453,4758
1790459515.1668239,2026-09-27T05:51:55,37158,29293,6854,795,45083,53,3,650,0.9666,1.5691064596176147,9.70630325095139e-06,0.273262331838565,4758
1790459575.1349995,2026-09-27T05:52:55,37160,29294,6854,795,45083,86,1,655,0.9764,1.632209300994873,9.700529219502556e-06,0.2753643497757848,4758
1790459635.2149801,2026-09-27T05:53:55,37161,29296,6854,795,45083,86,1,655,0.9764,1.632209300994873,9.700529219502556e-06,0.2753643497757848,4758
1790459694.9869196,2026-09-27T05:54:54,37161,29298,6854,794,45083,100,0,660,0.9715,1.3453094959259033,9.694700732437017e-06,0.2774663677130045,4758
1790459755.0314727,2026-09-27T05:55:55,37162,29298,6854,794,45083,0,7,665,0.9814,1.503008246421814,9.688817857277774e-06,0.27956838565022424,4758
1790459815.030197,2026-09-27T05:56:55,37302,29437,6854,795,45083,99,0,670,0.9696,1.3997058868408203,9.682880662177924e-06,0.28167040358744394,4758
1790459875.0154698,2026-09-27T05:57:55,37301,29438,6854,794,45083,78,0,675,0.9901,1.520450472831726,9.67688921591985e-06,0.2837724215246637,4758
1790459935.1591206,2026-09-27T05:58:55,37310,29440,6863,795,45083,43,3,680,0.9962,1.5968856811523438,9.670843587914442e-06,0.2858744394618834,4758
1790459995.1668944,2026-09-27T05:59:55,37314,29443,6861,795,45083,71,2,685,0.9868,1.3761332035064697,9.664743848200279e-06,0.28797645739910316,4758
1790460055.0385764,2026-09-27T06:00:55,37437,29573,6854,795,45083,100,0,690,0.9877,1.71473228931427,9.65859006744283e-06,0.29007847533632286,4758
1790460114.9751406,2026-09-27T06:01:54,37567,29704,6854,794,45083,100,0,695,1.0078,1.4944111108779907,9.652382316933623e-06,0.2921804932735426,4758
1790460174.9706945,2026-09-27T06:02:54,37567,29704,6854,794,45083,100,0,695,1.0078,1.4944111108779907,9.652382316933623e-06,0.2921804932735426,4758
1790460235.1510167,2026-09-27T06:03:55,37701,29835,6854,795,45083,100,0,700,0.9886,1.5856835842132568,9.64612066858943e-06,0.2942825112107623,4758
1790460295.1428356,2026-09-27T06:04:55,37832,29967,6854,795,45083,82,1,705,0.9594,1.56778883934021,9.639805194951428e-06,0.2963845291479821,4758
1790460355.0475628,2026-09-27T06:05:55,37848,29980,6857,795,45083,100,0,710,1.0184,1.5454323291778564,9.633435969184362e-06,0.2984865470852018,4758
1790460415.0502872,2026-09-27T06:06:55,37771,30093,6660,799,45083,86,1,715,0.9901,1.4645013809204102,9.62701306507569e-06,0.30058856502242154,4758
1790460475.0425556,2026-09-27T06:07:55,37905,30227,6660,798,45083,100,0,720,0.9979,1.503514051437378,9.620536557034737e-06,0.30269058295964124,4758
1790460535.2114646,2026-09-27T06:08:55,37722,30048,6660,798,45083,86,1,725,0.9641,1.5026899576187134,9.61400652009183e-06,0.304792600896861,4758
1790460594.9750478,2026-09-27T06:09:54,37850,30179,6660,798,45083,99,0,730,0.9828,1.55403470993042,9.607423029897429e-06,0.3068946188340807,4758
1790460655.026847,2026-09-27T06:10:55,37852,30179,6660,798,45083,86,1,735,0.9983,1.545731782913208,9.600786162721244e-06,0.30899663677130046,4758
1790460714.981774,2026-09-27T06:11:54,37851,30179,6660,798,45083,99,0,740,0.9829,1.518759846687317,9.594095995451363e-06,0.31109865470852016,4758
1790460775.1354735,2026-09-27T06:12:55,37853,30180,6660,798,45083,100,0,740,0.9829,1.518759846687317,9.594095995451363e-06,0.31109865470852016,4758
1790460835.0824938,2026-09-27T06:13:55,37861,30188,6660,798,45083,100,0,745,0.9548,1.5727050304412842,9.587352605593354e-06,0.3132006726457399,4758
1790460895.2112505,2026-09-27T06:14:55,37908,30236,6660,798,45083,0,7,750,0.9899,1.4551690816879272,9.580556071269366e-06,0.3153026905829596,4758
1790460955.150432,2026-09-27T06:15:55,37911,30237,6660,799,45083,86,1,755,0.9591,1.4834020137786865,9.573706471217232e-06,0.3174047085201794,4758
1790461014.9705124,2026-09-27T06:16:54,37908,30238,6656,798,45083,100,0,760,0.9768,1.5726680755615234,9.566803884789544e-06,0.3195067264573991,4758
1790461075.0233865,2026-09-27T06:17:55,37939,30240,6686,798,45083,57,3,765,0.968,1.3906025886535645,9.559848391952745e-06,0.32160874439461884,4758
1790461135.1347165,2026-09-27T06:18:55,37905,30232,6657,798,45083,30,4,770,0.9764,1.4217711687088013,9.552840073286203e-06,0.32371076233183854,4758
1790461195.0231352,2026-09-27T06:19:55,37904,30232,6658,798,45083,86,1,775,0.9592,1.3391921520233154,9.545779009981264e-06,0.3258127802690583,4758
1790461254.9749866,2026-09-27T06:20:54,37904,30233,6659,798,45083,100,0,775,0.9592,1.3391921520233154,9.545779009981264e-06,0.3258127802690583,4758
1790461314.9669182,2026-09-27T06:21:54,37906,30234,6659,798,45083,100,0,780,1.0187,1.4544833898544312,9.538665283840326e-06,0.327914798206278,4758
1790461375.0068936,2026-09-27T06:22:54,37910,30238,6660,798,45083,96,0,785,0.9935,1.5557639598846436,9.531498977275882e-06,0.33001681614349776,4758
1790461435.0109756,2026-09-27T06:23:54,37923,30251,6660,798,45083,100,0,790,0.9705,1.418397307395935,9.524280173309577e-06,0.33211883408071746,4758
1790461495.1232057,2026-09-27T06:24:55,37926,30252,6660,799,45083,71,2,795,1.0118,1.4573798179626465,9.51700895557123e-06,0.3342208520179372,4758
1790461555.0067225,2026-09-27T06:25:54,37924,30252,6660,798,45083,98,0,800,0.9764,1.4940069913864136,9.509685408297875e-06,0.336322869955157,4758
1790461614.9588614,2026-09-27T06:26:54,37925,30252,6660,798,45083,99,0,805,0.9842,1.5031265020370483,9.502309616332787e-06,0.3384248878923767,4758
1790461675.13074,2026-09-27T06:27:55,37929,30253,6664,798,45083,100,0,810,0.9917,1.5501176118850708,9.494881665124496e-06,0.34052690582959644,4758
1790461735.2273772,2026-09-27T06:28:55,37928,30254,6653,798,45083,86,1,815,0.9779,1.3931394815444946,9.487401640725789e-06,0.34262892376681614,4758
1790461795.011006,2026-09-27T06:29:54,37936,30255,6669,798,45083,100,0,820,1.0095,1.4015735387802124,9.479869629792729e-06,0.3447309417040359,4758
1790461854.9944773,2026-09-27T06:30:54,37931,30258,6660,798,45083,91,0,820,1.0095,1.4015735387802124,9.479869629792729e-06,0.3447309417040359,4758
1790461915.0431855,2026-09-27T06:31:55,37938,30263,6660,798,45083,57,3,830,0.9966,1.3998934030532837,9.464649997958096e-06,0.34893497757847536,4758
1790461974.9948683,2026-09-27T06:32:54,37942,30270,6660,798,45083,100,0,830,0.9966,1.3998934030532837,9.464649997958096e-06,0.34893497757847536,4758
1790462035.0634146,2026-09-27T06:33:55,37947,30274,6660,798,45083,86,1,835,0.9779,1.3977431058883667,9.456962553375908e-06,0.35103699551569506,4758
1790462094.9866545,2026-09-27T06:34:54,37948,30275,6660,798,45083,100,0,840,0.9709,1.4305157661437988,9.449223474896104e-06,0.3531390134529148,4758
1790462155.2109704,2026-09-27T06:35:55,37961,30287,6660,798,45083,52,2,845,0.9826,1.5813065767288208,9.44143285217588e-06,0.3552410313901345,4758
1790462214.991199,2026-09-27T06:36:54,37960,30287,6660,798,45083,100,0,850,0.984,1.3625916242599487,9.433590775469578e-06,0.3573430493273543,4758
1790462275.163053,2026-09-27T06:37:55,38008,30300,6691,799,45083,71,2,855,0.9505,1.5921574831008911,9.425697335627632e-06,0.359445067264574,4758
1790462334.9945369,2026-09-27T06:38:54,37986,30313,6660,798,45083,100,0,860,0.9548,1.3868480920791626,9.417752624095519e-06,0.36154708520179374,4758
1790462395.1232283,2026-09-27T06:39:55,37988,30314,6660,799,45083,86,1,865,0.9627,1.4805108308792114,9.409756732912699e-06,0.36364910313901344,4758
1790462455.1627169,2026-09-27T06:40:55,37996,30319,6660,799,45083,86,1,870,0.9627,1.4335830211639404,9.401709754711545e-06,0.3657511210762332,4758
1790462515.0189512,2026-09-27T06:41:55,37996,30319,6660,799,45083,23,5,870,0.9627,1.4335830211639404,9.401709754711545e-06,0.3657511210762332,4758
1790462575.023202,2026-09-27T06:42:55,38004,30319,6671,798,45083,94,0,875,0.9754,1.4445801973342896,9.393611782716276e-06,0.3678531390134529,4758
1790462635.1631467,2026-09-27T06:43:55,37997,30323,6660,799,45083,100,0,880,0.9651,1.4029860496520996,9.385462910741873e-06,0.36995515695067266,4758
1790462695.0102575,2026-09-27T06:44:54,38008,30335,6660,798,45083,95,0,885,0.9893,1.5119317770004272,9.377263233192993e-06,0.37205717488789236,4758
1790462755.0465548,2026-09-27T06:45:55,38010,30336,6660,798,45083,2,6,890,0.9843,1.4905376434326172,9.369012845062875e-06,0.3741591928251121,4758
1790462815.1308668,2026-09-27T06:46:55,38007,30336,6656,798,45083,99,0,895,1.0099,1.4453014135360718,9.36071184193224e-06,0.3762612107623318,4758
1790462875.0632286,2026-09-27T06:47:55,38011,30337,6657,799,45083,57,3,900,0.9593,1.496716022491455,9.352360319968186e-06,0.3783632286995516,4758
1790462934.9905164,2026-09-27T06:48:54,38009,30337,6657,798,45083,100,0,905,0.9519,1.4974428415298462,9.343958375923067e-06,0.3804652466367713,4758
1790462994.9904373,2026-09-27T06:49:54,38010,30338,6658,798,45083,100,0,905,0.9519,1.4974428415298462,9.343958375923067e-06,0.3804652466367713,4758
1790463055.0149102,2026-09-27T06:50:55,38011,30338,6659,798,45083,100,0,910,0.9661,1.4186344146728516,9.335506107133381e-06,0.38256726457399104,4758
1790463115.2148986,2026-09-27T06:51:55,38440,30546,6878,799,45083,64,1,915,0.9594,1.456651210784912,9.327003611518635e-06,0.38466928251121074,4758
1790463175.0591798,2026-09-27T06:52:55,38498,30612,6869,799,45083,100,0,920,1.0003,1.4799201488494873,9.318450987580217e-06,0.3867713004484305,4758
1790463235.051173,2026-09-27T06:53:55,38484,30597,6869,799,45083,86,1,925,0.9998,1.5228843688964844,9.309848334400247e-06,0.3888733183856502,4758
1790463295.146675,2026-09-27T06:54:55,38520,30618,6877,804,45083,100,0,930,0.9861,1.5195486545562744,9.301195751640437e-06,0.39097533632286996,4758
1790463354.9712393,2026-09-27T06:55:54,38542,30646,6869,806,45083,0,7,935,0.9796,1.486699104309082,9.292493339540931e-06,0.39307735426008966,4758
1790463415.0677705,2026-09-27T06:56:55,38678,30755,6896,806,45083,12,5,940,0.9648,1.452324390411377,9.283741198919148e-06,0.3951793721973094,4758
1790463475.219605,2026-09-27T06:57:55,38679,30779,6872,808,45083,53,2,940,0.9648,1.452324390411377,9.283741198919148e-06,0.3951793721973094,4758
1790463534.990248,2026-09-27T06:58:54,38684,30789,6868,808,45083,86,1,945,0.9631,1.3837978839874268,9.27493943116861e-06,0.3972813901345291,4758
1790463595.1434312,2026-09-27T06:59:55,38698,30776,6891,809,45083,86,1,950,0.9393,1.3917678594589233,9.266088138257769e-06,0.3993834080717489,4758
1790463654.9825594,2026-09-27T07:00:54,38766,30847,6891,808,45083,86,1,955,0.9911,1.5088175535202026,9.257187422728826e-06,0.4014854260089686,4758
1790463715.2112973,2026-09-27T07:01:55,38742,30819,6894,809,45083,100,0,960,0.975,1.4934028387069702,9.248237387696545e-06,0.40358744394618834,4758
1790463775.154203,2026-09-27T07:02:55,38731,30811,6892,809,45083,86,1,965,0.9601,1.4424388408660889,9.239238136847053e-06,0.4056894618834081,4758
1790463835.1379094,2026-09-27T07:03:55,38737,30814,6894,809,45083,43,4,965,0.9601,1.4424388408660889,9.239238136847053e-06,0.4056894618834081,4758
1790463895.1629972,2026-09-27T07:04:55,38717,30796,6894,808,45083,95,0,970,0.9744,1.3344475030899048,9.230189774436647e-06,0.4077914798206278,4758
1790463955.0390508,2026-09-27T07:05:55,38718,30798,6893,808,45083,84,1,975,1.0073,1.581798791885376,9.221092405290573e-06,0.40989349775784756,4758
1790464015.0383327,2026-09-27T07:06:55,38732,30808,6893,809,45083,7,5,980,0.9757,1.5741251707077026,9.211946134801827e-06,0.41199551569506726,4758
1790464074.9707575,2026-09-27T07:07:54,38740,30819,6893,808,45083,82,0,985,0.9812,1.485499620437622,9.202751068929927e-06,0.414097533632287,4758
1790464134.9833205,2026-09-27T07:08:54,38741,30820,6893,808,45083,100,0,985,0.9812,1.485499620437622,9.202751068929927e-06,0.414097533632287,4758
1790464195.003443,2026-09-27T07:09:54,38765,30843,6894,808,45083,86,1,990,0.9679,1.45276939868927,9.19350731419968e-06,0.4161995515695067,4758
1790464255.1475005,2026-09-27T07:10:55,38775,30850,6894,809,45083,71,2,995,0.9773,1.4508510828018188,9.184214977699959e-06,0.4183015695067265,4758
1790464315.1426115,2026-09-27T07:11:55,38784,30860,6894,809,45083,57,3,1000,0.9606,1.5098408460617065,9.174874167082453e-06,0.4204035874439462,4758
1790464374.9905872,2026-09-27T07:12:54,38767,30847,6893,808,45083,100,0,1005,0.9243,1.4904518127441406,9.165484990560422e-06,0.42250560538116594,4758
1790464435.1106539,2026-09-27T07:13:55,38770,30845,6896,809,45083,82,1,1010,0.9844,1.4328489303588867,9.156047556907453e-06,0.42460762331838564,4758
1790464495.0550652,2026-09-27T07:14:55,38783,30858,6897,809,45083,86,1,1015,0.9562,1.4459389448165894,9.146561975456181e-06,0.4267096412556054,4758
1790464554.9590015,2026-09-27T07:15:54,3573,2057,701,780,0,0,7,1015,0.9562,1.4459389448165894,9.146561975456181e-06,0.4267096412556054,4758
1790464614.9071038,2026-09-27T07:16:54,3567,2055,696,780,0,0,7,1015,0.9562,1.4459389448165894,9.146561975456181e-06,0.4267096412556054,4758
1790464674.9596326,2026-09-27T07:17:54,3567,2054,698,780,0,0,7,1015,0.9562,1.4459389448165894,9.146561975456181e-06,0.4267096412556054,4758
1790464734.971106,2026-09-27T07:18:54,3563,2050,698,780,0,0,7,1015,0.9562,1.4459389448165894,9.146561975456181e-06,0.4267096412556054,4758
1790464794.9665089,2026-09-27T07:19:54,3575,2060,699,780,0,0,7,1015,0.9562,1.4459389448165894,9.146561975456181e-06,0.4267096412556054,4758
1790464854.9714952,2026-09-27T07:20:54,3622,2105,700,780,0,0,7,1015,0.9562,1.4459389448165894,9.146561975456181e-06,0.4267096412556054,4758
1790464914.9507504,2026-09-27T07:21:54,3647,2129,700,780,0,0,7,1015,0.9562,1.4459389448165894,9.146561975456181e-06,0.4267096412556054,4758
1790464974.9706004,2026-09-27T07:22:54,3654,2136,700,780,0,0,7,1015,0.9562,1.4459389448165894,9.146561975456181e-06,0.4267096412556054,4758
1790465034.9589257,2026-09-27T07:23:54,3622,2105,699,780,0,0,7,1015,0.9562,1.4459389448165894,9.146561975456181e-06,0.4267096412556054,4758
1790465094.9385724,2026-09-27T07:24:54,3613,2095,699,780,0,0,7,1015,0.9562,1.4459389448165894,9.146561975456181e-06,0.4267096412556054,4758
1790465154.9467628,2026-09-27T07:25:54,3612,2094,700,780,0,0,7,1015,0.9562,1.4459389448165894,9.146561975456181e-06,0.4267096412556054,4758
1790465214.9267797,2026-09-27T07:26:54,3639,2120,700,780,0,0,7,1015,0.9562,1.4459389448165894,9.146561975456181e-06,0.4267096412556054,4758
1790465274.9549284,2026-09-27T07:27:54,3641,2122,700,780,0,0,7,1015,0.9562,1.4459389448165894,9.146561975456181e-06,0.4267096412556054,4758
1790465334.946848,2026-09-27T07:28:54,3641,2123,700,780,0,0,7,1015,0.9562,1.4459389448165894,9.146561975456181e-06,0.4267096412556054,4758
1790465394.998628,2026-09-27T07:29:54,3574,2059,701,780,0,0,7,,,1.4459389448165894,,,
1790465454.966439,2026-09-27T07:30:54,3596,2079,702,780,0,0,7,,,,,,
1790465514.9502192,2026-09-27T07:31:54,3608,2090,702,780,0,0,7,,,,,,
1790465574.9627724,2026-09-27T07:32:54,3615,2098,702,780,0,0,7,,,,,,
1790465634.9392679,2026-09-27T07:33:54,3641,2122,702,780,0,0,7,,,,,,
1790465694.954685,2026-09-27T07:34:54,3622,2103,703,781,0,0,7,,,,,,
1790465754.963662,2026-09-27T07:35:54,3637,2117,703,781,0,0,7,,,,,,
1790465814.9534001,2026-09-27T07:36:54,3659,2139,704,781,0,0,7,,,,,,
1790465874.9306495,2026-09-27T07:37:54,3614,2095,703,781,0,0,7,,,,,,
1790465934.9474669,2026-09-27T07:38:54,3651,2128,703,782,0,0,7,,,,,,
1790465994.9553347,2026-09-27T07:39:54,3630,2110,703,781,0,0,7,,,,,,
1790466054.9628806,2026-09-27T07:40:54,3631,2112,703,781,0,0,7,,,,,,
1790466114.9682279,2026-09-27T07:41:54,3629,2109,703,781,0,0,7,,,,,,
1790466174.9464839,2026-09-27T07:42:54,3656,2136,704,781,0,0,7,,,,,,
1790466234.9586403,2026-09-27T07:43:54,3671,2149,704,781,0,0,7,,,,,,
1790466294.9583564,2026-09-27T07:44:54,3657,2136,704,781,0,0,7,,,,,,
1790466354.9672217,2026-09-27T07:45:54,3880,2357,704,782,0,0,7,,,,,,
1790466414.9583275,2026-09-27T07:46:54,3894,2374,700,782,0,0,7,,,,,,
1790466474.947003,2026-09-27T07:47:54,3844,2325,701,782,0,0,7,,,,,,
1790466534.9711294,2026-09-27T07:48:54,3848,2329,702,782,0,0,7,,,,,,
